City_ID,City,Lat,Lng,Max Temp,Humidity,Cloudiness,Wind Speed,Country,Date
0,cabo san lucas,22.8909,-109.9124,301.32,26,0,4.12,MX,1739053154
1,tiksi,71.6872,128.8694,249.61,91,59,5.84,RU,1739053435
2,jamestown,42.097,-79.2353,271.49,59,100,4.63,US,1739053436
3,hobyo,5.3505,48.5268,296.53,81,79,4.6,SO,1739053437
4,yellowknife,62.456,-114.3525,247.27,83,75,5.66,CA,1739053193
5,waitangi,-43.9535,-176.5597,286.72,78,1,4.93,NZ,1739053440
6,macapa,0.0389,-51.0664,299.14,94,75,3.09,BR,1739053267
7,mata-utu,-13.2816,-176.1745,302.18,74,6,7.18,WF,1739053444
8,sibolga,1.7427,98.7792,297.21,88,68,1.76,ID,1739053447
9,udachny,66.4167,112.4,253.58,91,98,5.64,RU,1739053448
10,moab,38.5733,-109.5498,286.75,26,4,2.15,US,1739053449
11,gorontalo,0.5412,123.0595,296.47,96,99,1.86,ID,1739053451
12,bethel,41.3712,-73.414,273.49,54,100,1.34,US,1739053452
13,lebu,-37.6167,-73.65,290.33,72,20,8.41,CL,1739053453
14,boca suno,-0.7167,-77.1333,297.71,88,99,0.87,EC,1739053454
15,kapuskasing,49.4169,-82.4331,261.2,72,100,3.09,CA,1739053456
16,tortoli,39.9256,9.6572,284.34,74,64,0.89,IT,1739053457
17,happy valley-goose bay,53.3168,-60.3315,260.32,66,75,5.14,CA,1739053458
18,adamstown,-25.066,-130.1015,299.03,76,82,5.48,PN,1739053459
19,boone,39.0334,-92.3335,277.62,58,18,6.32,US,1739053461
20,edinburgh of the seven seas,-37.0676,-12.3116,292.44,93,94,13.79,SH,1739053462
21,blackmans bay,-43.0167,147.3167,288.0,75,100,2.01,AU,1739053463
22,phan rang-thap cham,11.5667,108.9833,292.97,74,83,3.5,VN,1739053464
23,trujillo,-8.116,-79.03,296.13,88,75,4.63,PE,1739053205
24,bantay,17.5847,120.3892,296.33,67,89,7.03,PH,1739053466
25,moissala,8.3404,17.7663,299.66,22,7,0.61,TD,1739053467
26,port-aux-francais,-49.35,70.2167,279.62,85,83,12.68,TF,1739053468
27,portland,45.5234,-122.6762,280.05,90,100,0.89,US,1739052959
28,uturoa,-16.7333,-151.4333,301.05,68,6,3.29,PF,1739053470
29,luna,10.9667,123.2333,298.49,89,42,5.48,PH,1739053471
30,margaret river,-33.95,115.0667,293.13,79,95,4.84,AU,1739053472
31,hawaiian paradise park,19.5933,-154.9731,298.88,68,0,4.63,US,1739053473
32,utrik,11.2278,169.8474,299.43,75,32,6.45,MH,1739053475
33,sinop,41.7711,34.8709,271.53,99,99,1.16,TR,1739053476
34,kingscliff,-28.2667,153.5667,299.23,73,38,3.6,AU,1739053477
35,machico,32.7,-16.7667,291.5,68,75,5.14,PT,1739053478
36,puerto padre,21.195,-76.6028,299.74,62,0,5.63,CU,1739053479
37,ta`u,-14.2336,-169.5144,301.87,73,17,7.25,AS,1739053480
38,port elizabeth,-33.918,25.5701,293.88,84,0,1.79,ZA,1739053201
39,tazovsky,67.4667,78.7,269.31,90,100,13.56,RU,1739053482
40,anadyr,64.75,177.4833,256.43,84,100,0.0,RU,1739053483
41,kerikeri,-35.2268,173.9474,294.07,63,100,3.19,NZ,1739053484
42,ternate,0.8,127.4,299.92,81,100,3.63,ID,1739053485
43,isafjordur,66.0755,-23.124,268.64,87,91,4.43,IS,1739053486
44,pagar alam,-4.0167,103.2667,293.14,99,99,0.23,ID,1739053487
45,pahrump,36.2083,-115.9839,288.99,20,93,0.89,US,1739053489
46,myrina,39.8797,25.0742,276.73,65,75,8.75,GR,1739053490
47,hamilton,39.1834,-84.5333,280.27,94,100,2.06,US,1739053457
48,tam ky,15.5667,108.4833,292.61,86,100,5.74,VN,1739053492
49,grytviken,-54.2811,-36.5092,274.68,72,37,4.89,GS,1739053493
50,nadi,-17.8,177.4167,303.15,74,40,3.09,FJ,1739053494
51,badger,64.8,-147.5333,259.25,84,0,2.57,US,1739053495
52,larache,35.1932,-6.1557,287.85,87,1,2.77,MA,1739053496
53,bandarbeyla,9.4942,50.8122,295.87,79,29,4.9,SO,1739053497
54,ribeira grande,38.5167,-28.7,286.37,88,75,8.75,PT,1739053498
55,hermanus,-34.4187,19.2345,291.93,71,86,4.75,ZA,1739053501
56,chinde,26.8212,87.7095,286.81,57,4,2.97,NP,1739053503
57,baruun-urt,46.6806,113.2792,247.68,99,40,1.92,MN,1739053504
58,surabaya,-7.2492,112.7508,299.27,89,20,1.54,ID,1739053505
59,atafu village,-8.5421,-172.5159,301.25,77,77,7.2,TK,1739053507
60,lihue,21.9789,-159.3672,298.56,78,0,2.57,US,1739053509
61,perryton,36.4,-100.8027,281.11,36,4,4.63,US,1739053510
62,madang,-5.2246,145.7966,297.81,93,100,3.75,PG,1739053511
63,nuuk,64.1835,-51.7216,266.49,68,75,8.23,GL,1739053512
64,ilulissat,69.2167,-51.1,258.16,47,75,3.09,GL,1739053513
65,albany,42.6001,-73.9662,271.73,57,100,0.45,US,1739053236
66,san patricio,28.017,-97.5169,302.12,60,0,6.74,US,1739053515
67,selfoss,63.9331,-20.9971,269.64,79,71,2.22,IS,1739053516
68,taltal,-25.4,-70.4833,295.09,78,35,2.91,CL,1739053517
69,mont-dore,-22.2833,166.5833,299.26,99,100,1.52,NC,1739053519
70,puerto natales,-51.7236,-72.4875,285.4,54,40,11.83,CL,1739053521
71,tyup,42.7276,78.3648,265.78,67,86,2.57,KG,1739053522
72,egilsstadir,65.2653,-14.3948,271.1,80,0,1.03,IS,1739053523
73,whitehorse,60.7161,-135.0538,262.65,83,20,1.03,CA,1739053524
74,west island,-12.1568,96.8225,301.14,78,92,6.69,CC,1739053525
75,kitimat,54.0524,-128.6534,270.32,65,89,0.74,CA,1739053526
76,chingirlau,51.095,54.0814,259.19,93,5,2.48,KZ,1739053528
77,bredasdorp,-34.5322,20.0403,293.06,67,99,5.16,ZA,1739053529
78,sitka,57.0531,-135.33,277.09,75,75,1.54,US,1739053530
79,ghadamis,30.1337,9.5007,282.74,52,0,1.0,LY,1739053531
80,birsk,55.4211,55.5428,254.41,100,99,1.92,RU,1739053532
81,ocean city,39.2776,-74.5746,273.15,79,100,0.45,US,1739053534
82,turkmenbasy,40.0222,52.9552,268.58,74,0,4.12,TM,1739053535
83,rapid city,44.0805,-103.231,267.89,60,0,5.14,US,1739053450
84,mingguang,32.7802,117.9638,268.79,23,0,1.13,CN,1739053537
85,avarua,-21.2078,-159.775,303.18,74,75,2.06,CK,1739053538
86,san antonio de pale,-1.4014,5.6325,300.65,82,16,5.26,GQ,1739053539
87,geraldton,-28.7667,114.6,297.38,73,100,3.09,AU,1739053540
88,saint-philippe,-21.3585,55.7679,300.02,77,45,3.61,RE,1739053541
89,college,64.8569,-147.8028,259.3,79,0,2.57,US,1739053542
90,ushuaia,-54.8,-68.3,283.96,58,40,6.69,AR,1739053262
91,antsiranana,-12.2787,49.2917,297.73,89,65,1.94,MG,1739053544
92,san jose de jachal,-30.2406,-68.7469,309.87,16,20,7.02,AR,1739053545
93,iskateley,67.6803,53.1512,268.58,92,90,6.41,RU,1739053546
94,lae,-6.7221,146.9847,297.62,86,100,3.75,PG,1739053547
95,puerto tirol,-27.3722,-59.0821,310.15,28,0,2.57,AR,1739053549
96,fort bragg,35.139,-79.006,287.49,73,100,2.06,US,1739053550
97,novyy urengoy,66.0833,76.6333,268.63,86,100,14.2,RU,1739053551
98,alo,6.5486,4.2686,300.3,86,59,3.45,NG,1739053552
99,iqaluit,63.7506,-68.5145,250.0,70,75,2.57,CA,1739053553
100,chonchi,-42.6128,-73.8092,291.55,50,65,0.95,CL,1739053554
101,kaffrine,14.1059,-15.5508,299.28,16,49,4.2,SN,1739053555
102,aasiaat,68.7098,-52.8699,256.2,53,100,12.55,GL,1739053556
103,onega,63.9061,38.1404,262.8,97,99,1.52,RU,1739053557
104,klyuchi,52.2667,79.1667,256.01,95,96,5.79,RU,1739053558
105,rio san juan,19.6439,-70.0763,297.53,82,5,5.17,DO,1739053559
106,tazacorte,28.629,-17.9293,289.69,81,40,3.13,ES,1739053560
107,knysna,-34.0363,23.0471,293.03,77,24,2.16,ZA,1739053561
108,nagqu,31.5,92.0,264.73,34,74,1.94,CN,1739053563
109,la passe,45.5549,-0.8967,280.18,79,75,3.19,FR,1739053564
110,ust-nera,64.5667,143.2,234.07,99,94,1.17,RU,1739053565
111,olonkinbyen,70.9221,-8.7187,270.34,87,82,11.74,SJ,1739053566
112,tomatlan,19.9333,-105.25,302.83,55,39,4.2,MX,1739053567
113,stanley,54.868,-1.6985,277.16,94,75,2.57,GB,1739053568
114,saipan,15.1355,145.701,301.54,80,20,6.17,MP,1739053569
115,namibe,-15.1961,12.1522,297.54,78,89,3.78,AO,1739053570
116,weno,7.4515,151.8468,301.12,78,75,4.12,FM,1739053571
117,port mathurin,-19.6833,63.4167,300.59,74,52,7.28,MU,1739053572
118,chivhu,-19.0211,30.8922,290.33,92,100,1.67,ZW,1739053573
119,vilyuysk,63.7553,121.6247,248.68,96,100,2.81,RU,1739053574
120,flying fish cove,-10.4217,105.6791,299.97,89,75,3.09,CX,1739053576
121,ugoofaaru,5.6667,73.0,299.84,71,33,6.64,MV,1739053577
122,belmonte,-15.8631,-38.8828,298.09,82,79,2.65,BR,1739053578
123,igarka,67.4667,86.5833,268.63,96,100,5.06,RU,1739053579
124,anina,45.0794,21.8569,268.48,68,98,2.79,RO,1739053580
125,crane,31.3974,-102.3501,302.88,9,0,2.22,US,1739053581
126,ancud,-41.8697,-73.8203,290.15,58,41,2.79,CL,1739053582
127,les cayes,18.2,-73.75,299.85,66,1,2.58,HT,1739053583
128,constantia,44.1833,28.65,270.76,68,100,7.26,RO,1739053319
129,polyarnyy,69.1989,33.4478,271.75,78,100,10.4,RU,1739053586
130,papatowai,-46.5619,169.4708,285.83,76,100,5.67,NZ,1739053587
131,al bawiti,28.3492,28.8659,283.06,59,7,2.83,EG,1739053387
132,pampierstad,-27.7832,24.6877,298.29,57,93,1.62,ZA,1739053590
133,gadzhiyevo,69.2551,33.3362,271.38,80,100,10.94,RU,1739053591
134,baharly,38.4362,57.4316,273.37,83,62,2.19,TM,1739053592
135,brindisi,40.5833,17.6667,278.35,85,99,1.96,IT,1739053594
136,mount gambier,-37.8333,140.7667,291.44,71,90,6.05,AU,1739053595
137,pemangkat,1.1667,108.9667,297.54,90,82,3.92,ID,1739053596
138,smithers,54.7804,-127.1743,262.33,67,0,0.0,CA,1739053597
139,filingue,14.3521,3.3168,299.33,15,6,3.57,NE,1739053598
140,severo-yeniseyskiy,60.3725,93.0408,259.46,92,100,3.92,RU,1739053601
141,tagiura,32.8817,13.3506,287.31,82,51,4.84,LY,1739053602
142,kamalasai,16.3384,103.5756,290.36,74,17,6.06,TH,1739053603
143,isabela,6.7085,121.9711,297.18,90,87,1.92,PH,1739053604
144,pontianak,-0.0333,109.3333,297.14,94,75,1.54,ID,1739053605
145,kodiak,57.79,-152.4072,275.88,93,100,5.14,US,1739053606
146,thompson,55.7435,-97.8558,254.24,65,100,4.12,CA,1739053607
147,kabinda,-6.1333,24.4833,291.84,94,100,1.41,CD,1739053608
148,coquimbo,-29.9533,-71.3436,293.0,74,40,5.14,CL,1739053594
149,tuburan,6.6439,122.2736,299.19,83,52,1.07,PH,1739053610
150,stepnogorsk,52.3544,71.8869,258.42,92,36,4.19,KZ,1739053611
151,zhangjiakou,40.81,114.8794,258.46,54,74,1.4,CN,1739053612
152,dompu,-8.5356,118.4622,296.81,95,100,1.34,ID,1739053614
153,grenada,37.1882,-3.6067,279.21,84,0,0.51,ES,1739053615
154,mount pearl,47.5166,-52.7813,270.45,71,20,11.32,CA,1739053617
155,putina,-15.4667,-69.4333,285.7,60,57,9.0,PE,1739053618
156,bilibino,68.0546,166.4372,230.69,99,35,1.47,RU,1739053619
157,nova sintra,14.8667,-24.7167,295.43,72,100,2.82,CV,1739053620
158,concordia,-31.393,-58.0209,310.25,30,0,2.06,AR,1739053621
159,chuguyevka,44.1653,133.8633,253.4,100,98,0.76,RU,1739053622
160,kristiansund,63.1115,7.732,276.51,44,100,0.51,NO,1739053623
161,port lincoln,-34.7333,135.8667,291.35,64,95,7.92,AU,1739053624
162,nyrob,60.733,56.7202,258.56,100,100,0.86,RU,1739053626
163,mathba,22.2855,89.9629,287.15,33,2,2.52,BD,1739053627
164,dudinka,69.4058,86.1778,266.54,96,100,3.47,RU,1739053628
165,motygino,58.1831,94.7592,263.18,95,100,3.89,RU,1739053629
166,queenstown,-31.8976,26.8753,291.28,83,41,2.13,ZA,1739053630
167,invercargill,-46.4,168.35,286.49,75,99,1.79,NZ,1739053631
168,broken hill,-31.95,141.4333,296.3,27,39,7.22,AU,1739053632
169,tura,25.5198,90.2201,285.85,46,0,1.59,IN,1739053345
170,greenville,35.6127,-77.3663,282.67,80,100,1.54,US,1739053505
171,chui,-33.6971,-53.4616,297.52,74,4,4.73,UY,1739053635
172,buka,40.8108,69.1986,280.54,57,100,1.14,UZ,1739053636
173,lamu,-2.2717,40.902,297.65,89,90,3.07,KE,1739053637
174,turabah,21.2141,41.6331,288.82,54,0,1.62,SA,1739053639
175,paradise point,-27.8863,153.3957,300.49,70,90,0.89,AU,1739053640
176,impfondo,1.6381,18.0667,298.15,64,76,1.42,CG,1739053641
177,valday,57.9747,33.2525,263.98,98,49,1.31,RU,1739053642
178,quibala,-10.7337,14.98,290.44,95,81,0.16,AO,1739053643
179,enewetak,11.3474,162.3373,299.82,66,21,5.01,MH,1739053644
180,midvagur,62.0511,-7.1939,279.61,81,100,5.14,FO,1739053645
181,rio pardo de minas,-15.6097,-42.5397,297.39,52,100,3.33,BR,1739053646
182,keflavik,64.0049,-22.5624,273.39,80,75,3.6,IS,1739053647
183,torquay,50.4638,-3.5143,276.9,90,100,4.57,GB,1739053648
184,youssoufia,32.2463,-8.5294,285.96,75,0,3.32,MA,1739053649
185,qaqortoq,60.7167,-46.0333,267.91,63,99,7.15,GL,1739053650
186,kisi,9.0833,3.85,303.39,16,26,1.52,NG,1739053652
187,quellon,-43.1167,-73.6167,287.72,61,51,3.9,CL,1739053653
188,susuman,62.7833,148.1667,229.41,98,79,0.25,RU,1739053654
189,pico truncado,-46.7949,-67.9573,291.39,27,14,7.39,AR,1739053655
190,pudasjarvi,65.3833,26.9167,269.85,90,100,4.13,FI,1739053656
191,waat,51.1454,6.4958,278.58,77,75,2.57,DE,1739053657
192,tateyama,34.9833,139.8667,278.86,34,0,4.55,JP,1739053658
193,znamenka,52.4167,41.4311,263.15,93,5,2.64,RU,1739053659
194,bikenibeu village,1.3673,173.1241,303.13,66,20,6.69,KI,1739053660
195,yuzhno-kurilsk,44.0306,145.8556,269.93,91,100,15.94,RU,1739053661
196,lorengau,-2.0226,147.2712,302.64,66,94,3.76,PG,1739053662
197,east ballina,-28.8667,153.5833,297.39,72,99,2.37,AU,1739053663
198,okhotsk,59.3833,143.3,251.6,70,0,9.58,RU,1739053664
199,puerto ayora,-0.7393,-90.3518,300.12,88,60,1.79,EC,1739053666
200,kruisfontein,-34.0033,24.7314,291.44,78,0,3.37,ZA,1739053667
201,kerema,-7.9631,145.7785,298.13,86,100,2.82,PG,1739053668
202,inarajan village,13.2736,144.7484,301.7,79,100,7.32,GU,1739053669
203,ormara,25.2088,64.6357,294.02,48,2,3.03,PK,1739053670
204,mineiros,-17.5694,-52.5511,296.18,75,100,3.04,BR,1739053671
205,cascais,38.6979,-9.4215,287.9,81,100,1.34,PT,1739053672
206,lethem,3.3803,-59.7968,304.72,46,92,5.81,GY,1739053673
207,jiagedaqi,50.4167,124.1167,244.32,100,88,1.51,CN,1739053674
208,san luis de la loma,17.2706,-100.8939,302.53,55,4,3.68,MX,1739053675
209,xianyang,34.3378,108.7026,265.73,67,0,0.0,CN,1739053677
210,hammerfest,70.6634,23.6821,275.4,60,50,4.63,NO,1739053678
211,georgetown,5.4112,100.3354,299.11,64,20,1.54,MY,1739053542
212,pandan,14.0453,124.1694,298.16,85,95,8.38,PH,1739053680
213,arraial do cabo,-22.9661,-42.0278,297.52,91,42,5.14,BR,1739053682
214,rongelap,11.1635,166.8941,299.63,78,32,6.48,MH,1739053683
215,sao joao da barra,-21.6403,-41.0511,299.2,84,85,4.01,BR,1739053684
216,itoman,26.1247,127.6694,284.16,87,75,7.2,JP,1739053685
217,howrah,22.5892,88.3103,290.15,72,2,2.06,IN,1739053686
218,balakovo,52.0278,47.8007,262.25,92,5,3.56,RU,1739053687
219,castillos,-34.1667,-53.8333,298.7,62,17,4.58,UY,1739053689
220,kourou,5.1552,-52.6478,297.25,91,92,3.39,GF,1739053690
221,zhezqazghan,47.7833,67.7667,257.58,76,13,5.17,KZ,1739053691
222,camara de lobos,32.6333,-16.9667,291.5,68,75,5.14,PT,1739053692
223,hell-ville,-13.4,48.2667,300.85,75,57,3.0,MG,1739053693
224,necochea,-38.5473,-58.7368,293.23,58,0,8.49,AR,1739053624
225,rio grande,-32.035,-52.0986,298.07,75,10,7.64,BR,1739053696
226,duzce,40.8389,31.1639,274.59,96,100,0.25,TR,1739053697
227,natal,-5.795,-35.2094,300.27,83,40,4.12,BR,1739053498
228,flin flon,54.7682,-101.865,260.06,61,20,3.09,CA,1739053699
229,oriximina,-1.7656,-55.8661,298.54,90,100,1.93,BR,1739053700
230,katerini,40.2719,22.5025,277.32,81,9,1.93,GR,1739053701
231,thinadhoo,0.5333,72.9333,300.6,74,69,4.81,MV,1739053702
232,nolinsk,57.5596,49.9363,258.72,100,83,1.45,RU,1739053703
233,cidreira,-30.1811,-50.2056,298.23,73,1,8.35,BR,1739053704
234,fale old settlement,-9.3852,-171.2468,301.6,75,9,7.98,TK,1739053705
235,tolanaro,-25.0319,46.9987,298.32,91,2,3.72,MG,1739053706
236,mount carmel,38.4109,-87.7614,280.12,93,100,6.46,US,1739053707
237,neyriz,29.1988,54.3278,279.19,89,0,3.34,IR,1739053708
238,carrigaline,51.8117,-8.3986,277.42,87,75,4.63,IE,1739053710
239,veraval,20.9,70.3667,295.15,56,0,3.01,IN,1739053711
240,dryden,49.7833,-92.7503,256.31,66,100,4.63,CA,1739053712
241,hithadhoo,-0.6,73.0833,300.47,78,86,3.48,MV,1739053713
242,barkly west,-28.5354,24.5215,297.63,55,28,1.9,ZA,1739053714
243,prince rupert,54.3161,-130.3201,274.2,61,100,3.09,CA,1739053715
244,oasis,33.4659,-116.0989,298.97,18,0,1.34,US,1739053716
245,port alfred,-33.5906,26.891,293.81,87,22,0.89,ZA,1739053717
246,wellington,-41.2866,174.7756,293.96,73,75,11.83,NZ,1739053495
247,hastings,50.8552,0.5729,277.01,74,71,4.47,GB,1739053719
248,afaahiti,-17.75,-149.2833,299.6,73,0,4.04,PF,1739053722
249,puerto baquerizo moreno,-0.9,-89.6,302.7,66,20,5.66,EC,1739053723
250,fort mcmurray,56.7268,-111.381,261.92,66,100,0.0,CA,1739053724
251,papao,-17.75,-149.55,298.97,66,2,2.04,PF,1739053725
252,shenjiamen,29.9576,122.298,273.02,55,4,5.75,CN,1739053726
253,talnakh,69.4865,88.3972,262.53,94,100,7.82,RU,1739053728
254,kirakira,-10.4544,161.9205,301.24,79,34,2.58,SB,1739053729
255,longyearbyen,78.2186,15.6401,267.06,73,75,6.17,SJ,1739053730
256,al jawf,29.5,38.75,278.67,41,0,1.5,SA,1739053731
257,mogocha,53.7333,119.7667,243.36,99,26,1.34,RU,1739053732
258,namsos,64.4662,11.4957,272.1,64,75,3.6,NO,1739053733
259,wewak,-3.5534,143.6268,298.03,92,100,2.81,PG,1739053734
260,revda,56.801,59.9303,258.24,98,81,1.98,RU,1739053601
261,plastun,44.7561,136.2939,260.37,67,59,3.9,RU,1739053736
262,bucerias,20.75,-105.3333,299.14,61,0,3.6,MX,1739053638
263,derbent,42.0678,48.2899,272.52,66,100,7.01,RU,1739053739
264,vung tau,10.346,107.0843,295.81,72,99,1.81,VN,1739053740
265,puerto colombia,10.9878,-74.9547,301.2,81,77,10.48,CO,1739053741
266,lompoc,34.6391,-120.4579,293.44,40,0,9.26,US,1739053742
267,burnham-on-crouch,51.6327,0.8149,277.73,93,20,0.0,GB,1739053743
268,san juan de miraflores,-12.1629,-76.9635,296.44,82,100,3.52,PE,1739053744
269,acapulco de juarez,16.8634,-99.8901,302.05,74,0,7.2,MX,1739053473
270,caceres,39.522,-6.3748,280.08,83,95,0.14,ES,1739053746
271,nikolayevsk-on-amure,53.1406,140.73,251.99,90,100,2.23,RU,1739053747
272,lagos,6.5833,3.75,300.4,84,93,2.87,NG,1739053739
273,wailua homesteads,22.0669,-159.378,298.22,80,0,2.57,US,1739053749
274,new richmond,45.123,-92.5366,267.08,79,40,4.63,US,1739053751
275,bardai,11.65,7.2333,296.08,19,2,4.04,NG,1739053752
276,yeppoon,-23.1333,150.7333,298.74,79,100,7.48,AU,1739053753
277,colonia,50.9333,6.95,278.12,72,0,2.06,DE,1739053599
278,nyazepetrovsk,56.0531,59.6028,253.0,100,100,0.43,RU,1739053755
279,nemuro,43.3236,145.575,270.59,74,100,10.92,JP,1739053756
280,urzhar,47.093,81.6294,260.33,71,0,2.66,KZ,1739053757
281,shakhtersk,48.0625,38.5167,265.3,89,6,5.83,UA,1739053758
282,cochin,9.9399,76.2602,298.66,78,36,1.92,IN,1739053759
283,santa cruz,-17.8,-63.1667,300.18,74,75,3.09,BO,1739053761
284,east london,-33.0153,27.9116,295.01,81,46,5.84,ZA,1739053762
285,santiago de cao,-7.9589,-79.2392,296.22,88,75,4.63,PE,1739053763
286,dong ha,16.8163,107.1003,290.88,94,100,4.61,VN,1739053764
287,vila franca do campo,37.7167,-25.4333,288.38,88,96,8.07,PT,1739053765
288,walvis bay,-22.9575,14.5053,290.99,82,49,4.86,NA,1739053766
289,dolinsk,47.35,142.8,265.33,89,100,2.29,RU,1739053768
290,opuwo,-18.0607,13.84,294.65,65,33,2.58,NA,1739053770
291,lepsy,46.235,78.9456,257.89,92,5,2.48,KZ,1739053771
292,santa rosa de rio primero,-31.1523,-63.4019,314.1,16,4,6.06,AR,1739053772
293,saint croix,17.7397,-64.7388,299.4,85,20,6.17,VI,1739053773
294,yelizovo,53.1873,158.3805,272.23,43,75,8.0,RU,1739053774
295,ramadi,33.4226,43.3058,281.15,70,75,4.46,IQ,1739053775
296,kavaratti,10.5669,72.642,299.9,72,5,3.49,IN,1739053777
297,st. john's,47.5649,-52.7093,270.91,66,20,11.32,CA,1739053574
298,mo i rana,66.3128,14.1428,268.41,80,76,0.51,NO,1739053780
299,kalabo,-14.97,22.6814,293.16,91,91,1.76,ZM,1739053781
300,cloquet,46.7216,-92.4594,265.04,56,75,4.12,US,1739053782
301,solwezi,-12.1688,26.3894,289.7,97,97,1.56,ZM,1739053783
302,aras-asan,8.8908,126.3033,297.63,88,98,2.19,PH,1739053784
303,hornell,42.3279,-77.6611,273.15,63,100,4.92,US,1739053785
304,yemetsk,63.4721,41.7941,260.13,98,100,1.62,RU,1739053786
305,hasaki,35.7333,140.8333,277.32,49,1,6.34,JP,1739053787
306,uttar char fasson,22.2332,90.7132,290.04,45,2,3.9,BD,1739053788
307,ponta delgada,37.7333,-25.6667,288.55,88,75,10.29,PT,1739053789
308,dar'a,32.6189,36.1021,278.89,79,6,2.49,SY,1739053791
309,lakatoro,-16.0999,167.4164,301.43,74,91,1.05,VU,1739053792
310,undurkhaan,47.3194,110.6556,249.3,95,17,1.39,MN,1739053793
311,chibougamau,49.9168,-74.3659,258.94,85,100,1.03,CA,1739053779
312,novodvinsk,64.4165,40.8122,270.01,94,100,2.36,RU,1739053795
313,saudarkrokur,65.7461,-19.6394,265.88,89,62,5.42,IS,1739053796
314,vanimo,-2.6741,141.3028,298.99,90,100,2.31,PG,1739053798
315,sarmiento,-45.5882,-69.07,293.24,22,59,3.44,AR,1739053799
316,yorosso,12.3536,-4.7761,298.94,12,69,3.12,ML,1739053801
317,hilo,19.7297,-155.09,299.31,67,0,4.63,US,1739053802
318,tangalle,6.024,80.7911,294.51,89,78,4.32,LK,1739053803
319,holualoa,19.6228,-155.9522,296.94,77,58,0.45,US,1739053804
320,sinabang,2.4803,96.3801,298.73,79,16,0.88,ID,1739053805
321,prince george,53.9166,-122.753,264.98,67,0,1.54,CA,1739053558
322,aykhal,66.0,111.5,249.25,100,100,5.31,RU,1739053807
323,levuka,50.1834,-105.4011,257.99,91,95,0.24,CA,1739053809
324,villa gesell,-37.2639,-56.973,293.77,72,6,11.15,AR,1739053811
325,vadso,70.0744,29.7487,272.24,80,40,10.8,NO,1739053812
326,mulayjah,27.271,48.4242,283.93,47,0,1.38,SA,1739053813
327,safi,32.1667,-8.8333,285.05,81,0,4.58,MA,1739053814
328,puerto cabezas,14.0351,-83.3888,302.13,84,40,5.14,NI,1739053815
329,salair,54.2312,85.7972,258.86,91,100,7.44,RU,1739053817
330,dano,11.15,-3.0667,300.59,12,15,2.18,BF,1739053818
331,tosontsengel,48.7567,98.2839,248.77,100,100,1.12,MN,1739053819
332,shatrovo,56.5167,64.6333,267.74,87,9,4.4,RU,1739053820
333,sarkand,45.41,79.9186,267.5,60,0,3.9,KZ,1739053821
334,santarem,-2.4431,-54.7083,300.22,89,20,0.51,BR,1739053774
335,betio village,1.358,172.9211,303.17,76,100,7.47,KI,1739053823
336,malanje,-9.5402,16.341,291.04,96,97,1.01,AO,1739053824
337,grenville,12.1167,-61.6167,300.18,79,33,6.2,GD,1739053825
338,greytown,-29.0642,30.5928,291.81,97,99,1.17,ZA,1739053826
339,tshabong,-26.05,22.45,302.98,37,90,5.66,BW,1739053827
340,moroni,-11.7022,43.2551,299.19,81,76,0.54,KM,1739053829
341,luderitz,-26.6481,15.1594,291.03,68,0,8.94,NA,1739053830
342,bafq,31.6128,55.4107,278.42,50,16,1.31,IR,1739053831
343,zemio,5.0314,25.1361,296.63,33,94,0.64,CF,1739053832
344,arteche,12.2645,125.4048,298.46,91,100,5.85,PH,1739053833
345,bontang,0.1333,117.5,297.95,88,100,2.43,ID,1739053834
346,kapa'a,22.0752,-159.319,298.97,80,0,2.57,US,1739053835
347,choibalsan,48.0667,114.5,248.49,94,48,1.49,MN,1739053836
348,usinsk,65.9939,57.5281,268.68,94,74,4.95,RU,1739053837
349,brookings,44.3114,-96.7984,263.81,70,0,6.69,US,1739053644
350,ordynskoye,54.3656,81.8994,262.33,93,100,6.39,RU,1739053840
351,tralee,52.2704,-9.7026,273.72,95,72,2.16,IE,1739053841
352,punta arenas,-53.15,-70.9167,285.21,58,75,10.29,CL,1739053194
353,bodaybo,57.8506,114.1933,231.57,100,66,0.95,RU,1739053843
354,popondetta,-8.7537,148.2534,302.15,71,100,1.33,PG,1739053845
355,kielce,50.8703,20.6275,272.05,1,87,4.5,PL,1739053846
356,bakchar,57.0186,82.0711,264.58,93,100,4.16,RU,1739053849
357,bodo,67.28,14.405,274.17,55,100,6.69,NO,1739053751
358,laguna,38.421,-121.4238,287.17,52,0,4.63,US,1739053851
359,merizo village,13.2658,144.6691,301.47,79,94,6.7,GU,1739053852
360,sigli,5.3848,95.9609,298.07,71,35,3.3,ID,1739053853
361,manaure,11.7751,-72.4445,300.58,65,91,8.52,CO,1739053854
362,tsiombe,-25.3,45.4833,298.51,89,24,4.25,MG,1739053855
363,kormend,47.011,16.606,276.34,61,100,3.6,HU,1739053856
364,salekhard,66.53,66.6019,271.91,75,54,7.37,RU,1739053857
365,masterton,-40.9597,175.6575,299.02,35,0,2.58,NZ,1739053858
366,east end,34.5507,-92.341,299.99,84,79,6.24,US,1739053860
367,muravlenko,63.7898,74.523,267.88,84,96,14.84,RU,1739053824
368,chhor,25.5167,69.7667,290.38,14,6,2.19,PK,1739053862
369,la sarre,48.8002,-79.1996,255.43,96,95,0.14,CA,1739053863
370,cockburn town,21.4612,-71.1419,298.09,77,1,8.72,TC,1739053691
371,fleurance,43.8482,0.663,277.36,99,44,1.87,FR,1739053865
372,new norfolk,-42.7826,147.0587,288.66,50,99,1.38,AU,1739053866
373,aliwal north,-30.6937,26.7114,293.62,71,50,1.63,ZA,1739053868
374,la ronge,55.1001,-105.2842,257.29,66,75,5.14,CA,1739053869
375,loa janan,-0.583,117.095,295.82,99,95,0.58,ID,1739053870
376,mutoko,-17.397,32.2268,291.02,81,100,1.32,ZW,1739053871
377,illizi,26.4833,8.4667,283.91,39,22,2.3,DZ,1739053872
378,sangueya,10.7,-14.3667,295.33,76,70,0.52,GN,1739053873
379,gotsucho,35.0,132.2167,275.78,68,100,1.77,JP,1739053874
380,neustrelitz,53.3667,13.0833,271.96,82,97,2.73,DE,1739053875
381,shimoda,34.6667,138.95,277.69,35,0,1.64,JP,1739053876
382,hadibu,12.65,54.0333,295.53,80,7,1.79,YE,1739053877
383,hami,42.8,93.45,268.43,39,1,0.97,CN,1739053878
384,gunjur,13.2019,-16.7339,295.19,49,98,2.06,GM,1739053879
385,sosnogorsk,63.6023,53.8817,268.11,95,53,3.02,RU,1739053881
386,cabedelo,-6.9811,-34.8339,300.52,77,96,3.8,BR,1739053882
387,petropavlovsk-kamchatsky,53.0452,158.6483,271.48,43,75,8.0,RU,1739053883
388,alkhazurovo,43.06,45.64,268.02,82,71,0.63,RU,1739053884
389,katsuura,35.1333,140.3,279.39,45,0,8.3,JP,1739053885
390,xianning,29.8833,114.2167,273.03,40,1,1.96,CN,1739053886
391,kavieng,-2.5744,150.7967,303.01,61,100,5.41,PG,1739053887
392,milagres,-7.3133,-38.9456,299.11,42,87,0.82,BR,1739053888
393,gunnedah,-30.9833,150.25,299.04,47,90,1.98,AU,1739053889
394,dapa,9.7594,126.0531,298.82,88,97,3.03,PH,1739053891
395,bogale,16.2833,95.4,294.92,69,3,1.47,MM,1739053892
396,vila velha,-20.3297,-40.2925,301.12,74,75,2.57,BR,1739053806
397,moranbah,-22.0016,148.0466,296.46,83,100,7.34,AU,1739053894
398,chrysoupolis,40.9856,24.6939,276.42,73,0,2.53,GR,1739053896
399,oliver,49.1831,-119.5524,271.1,69,95,1.54,CA,1739053897
400,vitorino freire,-4.0667,-45.1667,296.86,98,100,2.19,BR,1739053898
401,komyshuvakha,47.7176,35.5288,267.21,80,1,5.76,UA,1739053899
402,labytnangi,66.6572,66.4183,272.04,76,62,7.45,RU,1739053900
403,timimoun,29.2639,0.231,284.36,30,0,3.6,DZ,1739053901
404,kampene,-3.6,26.6667,292.4,99,87,0.95,CD,1739053902
405,mahajanga,-15.7167,46.3167,299.25,85,82,2.63,MG,1739053903
406,vilyuchinsk,52.9306,158.4028,272.3,78,100,3.75,RU,1739053905
407,dundee,56.5,-2.9667,276.42,97,100,3.09,GB,1739053906
408,kill devil hills,36.0307,-75.676,280.92,93,100,4.63,US,1739053907
409,carnarvon,-24.8667,113.6333,299.09,76,63,8.2,AU,1739053613
410,matsue,35.4722,133.0506,273.15,100,100,3.6,JP,1739053645
411,fortuna,40.5982,-124.1573,285.33,70,0,4.63,US,1739053910
412,nuku'alofa,-21.1333,-175.2,303.34,84,40,4.12,TO,1739053911
413,staryy krym,45.0333,35.1,270.17,58,0,5.78,UA,1739053912
414,pyay,18.8167,95.2167,293.15,41,4,1.21,MM,1739053913
415,aden,12.7794,45.0367,296.6,74,0,2.25,YE,1739053803
416,kohat,33.582,71.4493,286.61,23,99,1.98,PK,1739053915
417,norfolk,42.1668,-71.2495,273.64,56,100,1.3,US,1739053909
418,bridgewater,44.3835,-64.5155,270.97,43,94,5.14,CA,1739053460
419,tambov,52.7317,41.4339,263.31,93,7,2.35,RU,1739053921
420,enriquillo,17.9,-71.2333,296.93,83,1,4.33,DO,1739053922
421,lubumbashi,-11.6609,27.4794,290.43,98,95,1.48,CD,1739053923
422,skeldon,5.8833,-57.1333,297.52,90,52,2.82,GY,1739053924
423,san pascual,13.7975,121.0342,296.51,91,93,4.66,PH,1739053925
424,norman gardens,-23.3224,150.5393,298.26,70,40,4.63,AU,1739053926
425,cullman,34.1748,-86.8436,296.51,73,75,7.2,US,1739053927
426,guayaramerin,-10.8368,-65.3614,296.89,90,100,1.01,BO,1739053928
427,kutum,14.2,24.6667,288.9,21,100,3.13,SD,1739053929
428,paka,4.6374,103.4368,296.11,94,92,0.0,MY,1739053931
429,port douglas,-16.4833,145.4667,300.14,80,100,0.86,AU,1739053933
430,ivry-sur-seine,48.8157,2.3849,279.61,89,75,4.12,FR,1739053934
431,bamboo flat,11.7,92.7167,297.85,80,34,3.42,IN,1739053935
432,netrakona,24.8833,90.7167,285.02,47,0,1.58,BD,1739053936
433,cambria,35.5641,-121.0808,288.74,68,0,2.24,US,1739053937
434,kone,-21.0595,164.8658,297.23,90,100,1.19,NC,1739053939
435,dwarka,22.2394,68.9678,294.42,56,0,2.75,IN,1739053940
436,berezovyy,51.6667,135.7,258.18,84,100,1.76,RU,1739053941
437,akureyri,65.6835,-18.0878,271.11,74,20,4.12,IS,1739053942
438,pariaman,-0.619,100.12,297.18,83,65,1.97,ID,1739053943
439,urumqi,43.801,87.6005,252.68,84,100,0.0,CN,1739053944
440,roccella ionica,38.322,16.4009,285.36,82,97,2.37,IT,1739053945
441,the pas,53.8251,-101.2541,259.16,61,0,3.09,CA,1739053947
442,mariehamn,60.0973,19.9348,273.07,80,100,5.14,AX,1739053789
443,inari,68.906,27.0288,269.12,82,31,6.87,FI,1739053709
444,chenaran,36.6455,59.1212,270.5,78,8,0.28,IR,1739053951
445,high river,50.5834,-113.8687,264.44,90,65,1.55,CA,1739053952
446,satsuma,30.8532,-88.0561,298.54,74,94,4.49,US,1739053680
447,yanchep,-31.55,115.6833,295.88,75,67,3.75,AU,1739053954
448,pesqueira,-8.3578,-36.6964,295.13,75,100,6.06,BR,1739053955
449,ketchikan,55.3422,-131.6461,274.41,65,75,0.45,US,1739053956
450,terrace,54.5163,-128.6035,268.1,58,20,2.06,CA,1739053957
451,cadale,2.7603,46.3222,297.59,82,35,7.18,SO,1739053958
452,anloga,5.7947,0.8973,300.84,82,70,4.88,GH,1739053959
453,eregli,37.5133,34.0467,270.7,78,84,0.81,TR,1739053961
454,bubaque,11.2833,-15.8333,297.3,68,72,6.07,GW,1739053962
455,middlesboro,36.6084,-83.7166,292.15,72,100,5.14,US,1739053963
456,tanda,26.55,82.65,283.95,41,32,2.63,IN,1739053964
457,lazaro cardenas,17.9583,-102.2,300.91,62,11,4.22,MX,1739053965
458,malpica,43.3228,-8.8105,284.95,100,100,5.34,ES,1739053966
459,yorkton,51.2167,-102.4677,258.06,72,75,3.6,CA,1739053802
460,saldanha,-33.0117,17.9442,291.46,85,1,8.57,ZA,1739053968
461,imperia,43.9667,7.7833,279.23,100,100,5.38,IT,1739053969
462,kodinsk,58.6881,99.1844,259.52,95,100,3.66,RU,1739053971
463,posse,-14.0931,-46.3694,295.95,73,85,4.47,BR,1739053837
464,suntar,62.1444,117.6319,248.1,91,100,2.88,RU,1739053973
465,ambovombe,-25.1667,46.0833,297.9,89,1,3.89,MG,1739053974
466,savanna-la-mar,18.219,-78.1332,301.44,75,70,0.34,JM,1739053975
467,starokostiantyniv,49.7576,27.2034,268.65,78,1,3.63,UA,1739053976
468,touros,-5.1989,-35.4608,299.73,79,43,4.55,BR,1739053977
469,ceres,37.5949,-120.9577,287.7,49,0,8.23,US,1739053978
470,nora,59.5193,15.0398,272.51,91,100,1.55,SE,1739053979
471,teknaf,20.8624,92.3058,288.57,45,1,3.62,BD,1739053981
472,divnoye,45.9089,43.3547,268.37,61,0,3.89,RU,1739053982
473,berettyoujfalu,47.2167,21.55,275.02,49,100,0.84,HU,1739053983
474,aquiraz,-3.9014,-38.3911,301.2,81,96,4.24,BR,1739053986
475,homnabad,17.7667,77.1333,294.58,47,0,2.67,IN,1739053987
476,axim,4.8699,-2.2405,299.44,85,42,1.9,GH,1739053988
477,alaghsas,17.0187,8.0168,296.49,16,3,6.88,NE,1739053989
478,chelghoum el aid,36.1629,6.1665,282.27,64,93,1.93,DZ,1739053990
479,juan griego,11.0817,-63.9655,297.63,87,98,4.08,VE,1739053991
480,maturin,9.75,-63.1767,305.06,51,96,4.12,VE,1739053992
481,san ramon,37.7799,-121.978,287.62,47,0,6.17,US,1739053881
482,pezenas,43.4595,3.4238,280.11,76,0,1.54,FR,1739053994
483,cangas del narcea,43.1833,-6.55,282.12,96,100,2.85,ES,1739053996
484,poyarkovo,49.6,128.6833,248.97,99,100,2.01,RU,1739053997
485,ndende,-2.4008,11.3581,297.11,94,93,0.32,GA,1739053998
486,pocone,-16.2567,-56.6228,298.94,66,80,1.38,BR,1739053837
487,beloyarskiy,63.7119,66.6722,273.45,82,61,6.05,RU,1739054000
488,broome,42.2506,-75.833,271.8,60,100,4.12,US,1739054001
489,ponto novo,-10.8628,-40.1336,300.21,50,97,6.81,BR,1739054002
490,nishinoomote,30.7333,131.0,279.39,57,34,5.55,JP,1739054003
491,olyokminsk,60.3736,120.4264,232.83,100,97,0.58,RU,1739054004
492,pestravka,52.405,49.9583,259.37,93,0,3.88,RU,1739054005
493,huarmey,-10.0681,-78.1522,297.19,80,53,3.64,PE,1739054006
494,zuromin,53.0661,19.9089,271.64,58,70,5.86,PL,1739054009
495,kolyshley,52.7005,44.5367,258.97,96,10,3.06,RU,1739054010
496,zaozersk,69.4005,32.4476,270.49,81,100,13.18,RU,1739054011
497,taroa,8.7058,171.2275,300.3,80,57,8.46,MH,1739054012
498,yacuiba,-22.038,-63.6797,299.65,54,54,0.45,BO,1739054013
499,kati,12.7441,-8.0726,294.82,16,75,1.78,ML,1739054015
500,qui nhon,13.7667,109.2333,293.91,87,100,8.8,VN,1739054016
501,saint-joseph,-21.3667,55.6167,298.36,79,22,3.61,RE,1739054017
502,haparanda,65.8355,24.1368,271.18,93,100,5.91,SE,1739054018
503,kingston,17.997,-76.7936,301.68,65,20,8.75,JM,1739053849
504,bhudgaon,16.9,74.6,295.44,44,0,1.31,IN,1739054021
505,indramayu,-6.3264,108.32,299.03,86,100,4.95,ID,1739054022
506,oyama,36.3,139.8,276.23,42,0,3.76,JP,1739054024
507,harstad,68.799,16.5293,274.9,68,14,1.34,NO,1739054025
508,nantucket,41.2835,-70.0995,272.21,55,0,3.09,US,1739053834
509,carauari,-4.8828,-66.8958,297.17,95,81,0.65,BR,1739054027
510,salinopolis,-0.6136,-47.3561,298.49,90,100,4.39,BR,1739054030
511,lagoa,39.05,-27.9833,286.84,85,100,16.9,PT,1739054031
512,daru,-9.0763,143.2092,300.42,79,100,4.88,PG,1739054032
513,sault ste. marie,46.5168,-84.3333,269.31,80,100,1.54,CA,1739053895
514,taoudenni,22.6783,-3.9836,289.24,21,0,6.68,ML,1739054034
515,bechar,31.6167,-2.2167,282.33,29,0,2.06,DZ,1739054035
516,swakopmund,-22.6833,14.5333,290.54,88,68,2.98,NA,1739053814
517,eyl,7.9803,49.8164,295.04,84,6,4.5,SO,1739054037
518,manaquiri,-3.3167,-60.35,296.61,99,100,0.89,BR,1739054039
519,catalao,-18.1658,-47.9464,293.17,88,74,3.29,BR,1739054040
520,thai binh,20.45,106.3333,286.16,69,100,2.05,VN,1739054041
521,ak-dovurak,51.1833,90.6,253.12,98,100,0.67,RU,1739054043
522,mitu,1.1983,-70.1733,296.59,95,100,0.53,CO,1739054044
523,praia da vitoria,38.7333,-27.0667,287.29,88,75,13.94,PT,1739054045
524,dzhangala,49.2167,50.3333,267.0,72,1,6.35,KZ,1739053760
525,ust'-kulom,61.6864,53.6902,267.8,99,89,1.91,RU,1739054047
526,pickering,43.9001,-79.1329,270.73,73,100,5.14,CA,1739054016
527,wabag,-5.4781,143.7021,287.24,97,100,0.71,PG,1739054049
528,port augusta,-32.5,137.7667,297.2,39,21,5.1,AU,1739054050
529,tingo maria,-9.2895,-76.0088,296.82,94,91,0.35,PE,1739054051
530,coahuayana de hidalgo,18.7,-103.6583,303.23,54,0,3.05,MX,1739054052
531,soe,-9.8607,124.284,294.27,88,100,3.07,ID,1739054053
532,ciudad lazaro cardenas,17.9583,-102.2,300.91,62,11,4.22,MX,1739054054
533,bileca,42.8719,18.4297,278.01,90,67,1.04,BA,1739054055
534,asmar,35.0333,71.3581,277.47,40,100,4.83,AF,1739054057
535,remire-montjoly,4.9167,-52.2667,300.17,78,100,4.12,GF,1739054058
536,panitan,11.466,122.7725,298.06,90,74,3.79,PH,1739054059
537,miragoane,18.4423,-73.0876,299.6,70,7,3.25,HT,1739054060
538,pont rouge,48.8833,-72.0825,258.02,92,100,0.7,CA,1739054061
539,mangrol,21.1167,70.1167,294.22,48,3,4.76,IN,1739054062
540,turpan,42.9333,89.1667,270.09,48,0,0.64,CN,1739054063
541,i-n-salah,27.1935,2.4607,286.25,34,0,6.17,DZ,1739054064
542,tadine,-21.55,167.8833,300.21,69,100,2.16,NC,1739054065
543,pimentel,-6.8367,-79.9342,300.31,69,40,7.72,PE,1739054066
544,bela,25.9333,81.9833,284.95,38,58,2.97,IN,1739054067
545,tindouf,27.6711,-8.1474,288.4,21,0,2.06,DZ,1739053994
546,tabuk,17.4189,121.4443,291.57,93,100,3.82,PH,1739054070
547,karachayevsk,43.774,41.9142,266.1,95,78,0.71,RU,1739054071
548,kiunga,-6.1219,141.2906,297.5,83,99,1.4,PG,1739054072
549,ghat,24.9647,10.1728,285.03,36,84,2.48,LY,1739053980
550,bloemfontein,-29.1211,26.214,295.22,56,22,2.45,ZA,1739054074
551,andalgala,-27.5819,-66.3165,305.48,29,46,5.23,AR,1739054075
552,labrador city,52.9463,-66.9114,251.1,59,40,6.17,CA,1739053812
553,sisimiut,66.9395,-53.6735,254.3,76,100,2.81,GL,1739054077
554,mount darwin,-16.7725,31.5838,292.35,89,100,1.66,ZW,1739054078
555,cannonvale,-20.2833,148.7,298.81,85,100,7.09,AU,1739054079
556,grahamstown,-33.3042,26.5328,288.45,94,12,3.09,ZA,1739054080
557,parral,26.9333,-105.6667,299.61,11,17,4.71,MX,1739053830
558,jaffna,9.6685,80.0074,299.41,66,59,5.89,LK,1739054082
559,morehead city,34.7229,-76.726,286.15,81,100,2.06,US,1739053930
560,dange,12.8513,5.3471,297.63,17,0,4.52,NG,1739054086
561,poso,-1.3959,120.7524,299.3,76,97,1.41,ID,1739054087
562,newman,37.3138,-121.0208,286.51,51,0,7.15,US,1739053985
563,ambon,-3.6954,128.1814,302.72,100,40,3.6,ID,1739054089
564,zomba,-15.386,35.3188,291.91,95,100,0.8,MW,1739054090
565,mangai,-4.05,19.5333,294.1,89,55,0.87,CD,1739054091
566,emerald,-23.5333,148.1667,298.34,72,96,5.19,AU,1739054092
567,madalena,41.2162,-8.3345,283.47,96,100,0.79,PT,1739054094
568,paphos,34.7667,32.4167,281.03,61,20,3.09,CY,1739054095
569,linxia chengguanzhen,35.6003,103.2064,258.62,92,48,1.24,CN,1739054096
570,port saint john's,-31.6229,29.5448,296.73,86,33,5.31,ZA,1739054097
571,prado,-17.3411,-39.2208,297.95,84,71,2.63,BR,1739053804
572,untsukul',42.7115,46.7866,267.57,82,55,0.41,RU,1739054099
573,usakos,-22.0,15.6,298.9,55,53,0.92,NA,1739054100
574,basco,20.4487,121.9702,292.54,72,100,14.1,PH,1739054101
575,yarmouth,41.7057,-70.2286,273.18,63,0,3.09,US,1739053963
576,barah,13.7,30.3667,292.18,17,95,5.19,SD,1739054103
